S no,AICTE Id,Institute Name,Institute Type,Address,State,District,City
1,1-44645053830,GIET DEGREE COLLEGE,Private-Self Financing,"NH-16, CHAITANYA KNOWLEDGE CITY, VELUGUBANDA, RAJANAGARAM",Andhra Pradesh,EAST GODAVARI,RAJAHMUNDRY
2,1-44641867190,KSRM COLLEGE OF MANAGEMENT STUDIES,Private-Self Financing,YERRAMASUPALLI VILLAGE C.K. DINNE MANDAL CUDDAPAH - 516003 ANDHRA PRADESH,Andhra Pradesh,YSR DISTRICT,CUDDAPAH
3,1-44643791739,SRI GAYATRI INSTITUTE OF TECHNOLOGY,Private-Self Financing,"O.V ROAD, KANDUKUR",Andhra Pradesh,PRAKASAM,KANDUKUR
4,1-44638658537,AHMEDABAD INSTITUTE OF HOSPITALITY MANAGEMENT,Private-Self Financing,"AT & PO- DANGARWA, KADI KATOSAN ROAD,",Gujarat,AHMEDABAD,AHMEDABAD
5,1-44641517564,GIDC RAJJU SHROFF ROFEL INSTITUTE OF MANAGEMENT STUDIES,Private-Self Financing,"PLOT NO.14/5, POST BOX NO.125, CHHARWADA ROAD, GIDC VAPI",Gujarat,VALSAD,VAPI
6,1-44671859207,N. C. COLLEGE OF ENGINEERING,Private-Self Financing,"N. C. COLLEGE OF ENGINEERING, ISRANA (PANIPAT)",Haryana,PANIPAT,PANIPAT
7,1-44642668699,BANGALORE COLLEGE OF ENGINEERING & TECHNOLOGY,Private-Self Financing,"NEAR HEELALIGE RAILWAY STATION, CHANDAPURA, ANEKAL TALUK, BANGALORE, 560081.",Karnataka,BANGALORE URBAN,BANGALORE
8,1-44645042706,MIT FIRST GRADE COLLEGE THANDAVAPURA,Private-Self Financing,"MYSURU - OOTY ROAD, JUST OFF NH 766 NANJANAGUDU, TALUK, THANDAVAPURA VILLAGE",Karnataka,MYSORE,MYSORE.
9,1-44638468194,ASTRAL INSTITUTE OF BUSINESS MANAGEMENT,Private-Self Financing,"KAILOD KARTAL, BYPASS ROAD",Madhya Pradesh,INDORE,INDORE
10,1-44638349246,DHAR COLLEGE,Private-Self Financing,"157, 160 VILLAGE GYANPURA",Madhya Pradesh,DHAR,GYANPURA
11,1-44641855165,ORIENTAL INSTITUTE OF SCIENCE AND TECHNOLOGY,Private-Self Financing,"KATNI BYPASS ROAD, VILLAGE ANDHUA, DISTRICT- JABALPUR, (MP)",Madhya Pradesh,JABALPUR,JABALPUR
12,1-44672350562,PEACE COLLEGE,Private-Self Financing,"BY PASS ROAD KHURERI,MORAR GWALIOR MADHAYA PRADESH",Madhya Pradesh,GWALIOR,GWALIOR
13,1-44645396576,POISE COLLEGE,Private-Self Financing,GRAM SANKALKHEDA KALAN SH19 ASHOK NAGAR ROAD DIST VIDISHA,Madhya Pradesh,VIDISHA,VIDISHA
14,1-44645388911,RBS INSTITUTE,Private-Self Financing,"PLOT NO 264,VILLAGE KACHOLI",Madhya Pradesh,NEEMUCH,NEEMUCH
15,1-44645395045,SAHIB INSTITUTE OF MANAGEMENT AND RESEARCH INDORE,Private-Self Financing,255/1/1/2 GRAM MOROD KHANDWA ROAD INDORE,Madhya Pradesh,INDORE,INDORE
16,1-44638518832,SARDAR PATEL MAHAVIDYALAYA,Private-Self Financing,"271/3, 272 VILLAGE BIGNODIPURA TEHSIL SARANGPUR DISTRICT RAJGARH (M.P.)",Madhya Pradesh,RAJGARH,SARANGPUR
17,1-44644402055,ART'S SCIENCE AND COMMERCE COLLEGE,Govt aided,"A/P:-RAHURI, TAL:RAHURI, DIST: AHMEDNAGAR 413705",Maharashtra,AHMEDNAGAR,RAHURI
18,1-44643811028,DR ANNASAHEB G D BENDALE MAHILA MAHAVIDYALAYA JALGAON,Govt aided,"JILHA ROAD, JILHA PETH, NEAR STADIUM",Maharashtra,JALGAON,JALGAON
19,1-44642865778,DR.D.Y.PATIL INSTITUTE OF MANAGEMENT & RESEARCH,Private-Self Financing,"SANT TUKARAM NAGAR, OPP. H.A.FACTORY, MUMBAI-PUNE ROAD, PIMPRI, PUNE - 411 018. MAHARASHTRA",Maharashtra,PUNE,PUNE
20,1-44643427192,"G H RAISONI COLLEGE OF BUSINESS MANAGEMENT, KHAPARKHEDA, NAGPUR",Private-Self Financing,"NEAR PRINCE LAWN,BABUBHAI COLONY, CHICHOLI,KHAPERKHEDA, NAGPUR,441102",Maharashtra,NAGPUR,NAGPUR
21,1-44642934161,INDIRA INSTITUTE OF MANAGEMENT,Private-Self Financing,"'TAPASYA', 85/5 'A', NEW MUMBAI - PUNE HIGHWAY, TATHAWADE, WAKAD, PUNE - 411033",Maharashtra,PUNE,PUNE
22,1-44643215271,INDIRA SCHOOL OF BUSINESS STUDIES,Private-Self Financing,"85/5B, 6D/1 & 6D/2, UNITY CAMPUS, NEW PUNE MUMBAI HIGHWAY, TATHAWADE, PUNE MAHARASHTRA PIN 411033",Maharashtra,PUNE,TATHAWADE
23,1-44638448616,INDIRA SCHOOL OF BUSINESS STUDIES PGDM,Private-Self Financing,"89/2-A, NEW PUNE MUMBAI HIGHWAY, TATHAWADE",Maharashtra,PUNE,PUNE
24,1-44643813699,SHREE CHANAKYA EDUCATION SOCIETY'S INDIRA COLLEGE OF PHARMACY,Private-Self Financing,"NIRAMAYA, 89/2A, INDIRA UNIVERSE CAMPUS, NEW PUNE MUMBAI HIGHWAY, TATHAWADE, PUNE",Maharashtra,PUNE,PUNE
25,1-44644554284,SHRI MAHAVIR ARTS COMMERCE AND SCIENCE COLLEGE LASALGAON,Private-Self Financing,LASALGAON TAL NIPHAD LASALGAON,Maharashtra,NASHIK,LASALGAON
26,1-44643863038,SMT H R PATEL ARTS MAHILA COLLEGE SHIRPUR,Govt aided,OPPOSITE TELEPHONE EXCHANGE SHIRPUR,Maharashtra,DHULE,SHIRPUR
27,1-44644988324,THE EAST KALYAN WELFARE SOCIETYS MODEL COLLEGE OF SCIENCE AND COMMERCE,Private-Self Financing,"RAJBHAR NAGAR, CHINCHPADA ROAD, KATEMANIVALI P.O., KALYAN EAST",Maharashtra,THANE,KALYAN
28,1-44641297698,V M INSTITUTE OF ENGINEERING & TECHNOLOGY,Private-Self Financing,"WARDHA ROAD (NH-7), NEAR DONGARGOAN NAGPUR",Maharashtra,NAGPUR,NAGPUR/DONGARGOAN/
29,1-9331726942,BARABATI INSTITUTE OF MANAGEMENT STUDIES,Private-Self Financing,"PLOT NO : 242, BISWALPADA PO: KHADEITA VIA: GOPALPUR DIST : CUTTACK PIN: 753 011",Odisha,CUTTACK,CUTTACK
30,1-44644332334,INDIRA COLLEGE OF COMMERCE AND SCIENCE,Western,'DHRUV	PUNE,COMPUTER APPLICATIONS,UG,
31,1-44644332334,INDIRA COLLEGE OF COMMERCE AND SCIENCE,Western,'DHRUV	PUNE,MANAGEMENT,UG,
32,1-44638819344,BABA FARID COLLEGE,Private-Self Financing,"BATHINDA-MUKTSAR ROAD, DEON., BATHINDA",Punjab,BATHINDA,DEON
33,1-44642878585,BABA FARID COLLEGE OF MANAGEMENT & TECHNOLOGY,Private-Self Financing,"VILLAGE- DEON, MUKTSAR ROAD, BATHINDA.",Punjab,BATHINDA,BATHINDA
34,1-44644764254,CORDIA INSTITUTE OF BUSINESS MANAGEMENT,Private-Self Financing,VPO SANGHOL TEH: KHAMMANO,Punjab,FATEHGARH SAHIB,SANGHOL
35,1-44645496221,PUNJAB COLLEGE OF ENGINEERING & TECHNOLOGY,Private-Self Financing,"VILLAGE MALAKPUR, LALRU MANDI DISTRICT SAS NAGAR (MOHALI) PUNJAB-140501",Punjab,MOHALI,"MALAKPUR, LALRU MANDI"
36,1-44641542821,APEX POLYTECHNIC INSTITUTE,Private-Self Financing,"ISI-7, INSTITUTIONAL AREA, SITAPURA, JAIPUR",Rajasthan,JAIPUR,JAIPUR
37,1-44638248331,JAIPUR INSTITUTE OF TECHNOLOGY- GROUP OF INSTITUTIONS,Private-Self Financing,"NEWTA-KALWARA ROAD,",Rajasthan,JAIPUR,JAIPUR
38,1-44640167357,JIET INSTITUTE OF DESIGN AND TECHNOLOGY,Private-Self Financing,"JIET UNIVERSE, N. H. - 65 PALI ROAD, MOGRA",Rajasthan,JODHPUR,JODHPUR
39,1-44640521897,N.P.R POLYTECHNIC COLLEGE,Private-Self Financing,N.P.R NAGAR PUNNAPATTI POST ULUPPAGUDI NATHAM,Tamil Nadu,DINDIGUL,NATHAM
40,1-44640544322,SRI DURGADEVI POLYTECHNIC COLLEGE,Private-Self Financing,"R.S.M. NAGAR, KAVARAIPETTAI, GUMMIDIPOONDI TALUK",Tamil Nadu,THIRUVALLUR,KAVARAIPETTAI
41,1-44638648469,AVANTHI'S SCHOOL OF BUSINESS MANAGEMENT,Private-Self Financing,"#16-11-742, MOOSARAMBAGH, DILSUKHNAGAR,HYDERABAD",Telangana,HYDERABAD,HYDERABAD
42,1-44643819697,NICMAR INSTITUTE OF CONSTRUCTION MANAGEMENT AND RESEARCH,Private-Self Financing,"H.NO.7-06, JAGGANGUDA (V), SHAMIRPET (M), ALIABAD (P.O.)",Telangana,RANGAREDDI,JAGGANGUDA (V)
43,1-44645443301,PRIYADARSHINI INSTITUTE OF SCIENCE AND TECHNOLOGY,Private-Self Financing,CHINNAKANJARLA(VILL)PATANCHARUV(MAL)MEDAK(DIS)HYDEREBAD,Telangana,MEDAK,CITY
44,1-44643193135,SANA PG COLLEGE,Private-Self Financing,"VIJAYAWADA ROAD, KODAD",Telangana,NALGONDA,KODAD
45,1-44639741524,BHAAVYA TECHNICAL INSTITUTE,Private-Self Financing,"KHASRA NO.829, VILL.-TEHRA, TEHSIL-KHERAGARH, DISTT.-AGRA",Uttar Pradesh,AGRA,KHERAGARH
46,1-44642683945,DR. K.N. MODI ENGINEERING COLLEGE,Private-Self Financing,"HAPUR ROAD, NEAR EYE HOSPITAL MODINAGAR-201204 DISTT. GHAZIABAD.",Uttar Pradesh,GHAZIABAD,MODINAGAR
47,1-44644442071,FUTURE INSTITUTE OF MANAGEMENT STUDIES,Private-Self Financing,"18 TH MILESTONE, NH 24 BAREILLY-LUCKNOW HIGHWAY, FARIDPUR, BAREILLY",Uttar Pradesh,BAREILLY,BAREILLY
48,1-44642670035,INDUS INSTITUTE OF TECHNOLOGY & MANAGEMENT,Private-Self Financing,"KAKWAN ROAD, VILL : BARAULI, TEHSIL : BILHAUR DISTT: KANPUR NAGAR (U.P.)",Uttar Pradesh,KANPUR NAGAR,BILHAUR
49,1-44644045128,KANPUR INSTITUTE OF HIGHER EDUCATION,Private-Self Financing,"A-1, UPSIDC INDUSTRIAL AREA, ROOMA",Uttar Pradesh,KANPUR NAGAR,KANPUR NAGAR
50,1-44644213195,KASHI INSTITUTE OF MANAGEMENT AND SCIENCE,Private-Self Financing,"23 KM MILESTONE, VARANASI-PRAYAGRAJ HIGHWAY, MIRZAMURAD, VARANASI",Uttar Pradesh,VARANASI,MIRZAMURAD
51,1-4409260088,KRISHNA COLLEGE OF MANAGEMENT,Private-Self Financing,VILLAGE KAMALPUR P.O. CHHUTMALPUR DISTT. SAHARANPUR UTTAR PRADESH,Uttar Pradesh,SAHARANPUR,KAMALPUR
52,1-44639407772,LAL BAHADUR SHASTRI INSTITUTE OF MANAGEMENT AND TECHNOLOGY BAREILLY,Private-Self Financing,"LAL BAHADUR SHASTRI INSITUTE OF MGMT & TECHNOLOGY VILLAGE RAJPURI NAVADA 13 KM BAREILLY BISALPUR ROAD TEHSIL BAREILLY , BAREILLY .U.P. 243001",Uttar Pradesh,BAREILLY,BAREILLY
53,1-44672347148,NSS COLLEGE OF MANAGEMENT,Private-Self Financing,CHHAULY BALDEO MATHURA,Uttar Pradesh,MATHURA,MATHURA
54,1-44643888348,VIDYA INSTITUTE OF CREATIVE TEACHING,Private-Self Financing,"VIDYA KNOWLEDGE PARK, BAGHPAT ROAD, MEERUT",Uttar Pradesh,MEERUT,MEERUT
55,1-44642261878,VIDYA INSTITUTE OF FASHION TECHNOLOGY,Private-Self Financing,"VIDYA KNOWLEDGE PARK BAGHPAT ROAD MEERUT ,UTTAR PRADESH-250005",Uttar Pradesh,MEERUT,MEERUT
56,1-44643308443,VIDYA INTERNATIONAL SCHOOL OF BUSINESS,Private-Self Financing,VIDYA KNOWLEDGE PARK BAGHPAT RAOD MEERUT UTTAR PRADESH -25005,Uttar Pradesh,MEERUT,MEERUT
57,1-44644917785,JBIT COLLEGE OF APPLIED SCIENCES,Private-Self Financing,"NH-72, VILLAGE SHANKERPUR, CHAKRATA ROAD, DEHRADUN",Uttarakhand,DEHRADUN,DEHRADUN
58,1-44638773103,INSPIRIA KNOWLEDGE CAMPUS,Private-Self Financing,"HIMACHAL VIHAR PHASE-II, MATIGARA",West Bengal,DARJEELING,SILIGURI